year,boundary_id,boundary_name,value,unit
1850.0,1.0,Climate change (CO2),280.0,ppm
1958.2027,1.0,Climate change (CO2),314.43,ppm
1958.2877,1.0,Climate change (CO2),315.16,ppm
1958.3699,1.0,Climate change (CO2),314.71,ppm
1958.4548,1.0,Climate change (CO2),315.14,ppm
1958.537,1.0,Climate change (CO2),315.18,ppm
1958.6219,1.0,Climate change (CO2),316.18,ppm
1958.7068,1.0,Climate change (CO2),316.08,ppm
1958.789,1.0,Climate change (CO2),315.41,ppm
1958.874,1.0,Climate change (CO2),315.2,ppm
1958.9562,1.0,Climate change (CO2),315.43,ppm
1959.0411,1.0,Climate change (CO2),315.55,ppm
1959.126,1.0,Climate change (CO2),315.86,ppm
1959.2027,1.0,Climate change (CO2),315.38,ppm
1959.2877,1.0,Climate change (CO2),315.41,ppm
1959.3699,1.0,Climate change (CO2),315.49,ppm
1959.4548,1.0,Climate change (CO2),316.03,ppm
1959.537,1.0,Climate change (CO2),315.86,ppm
1959.6219,1.0,Climate change (CO2),316.06,ppm
1959.7068,1.0,Climate change (CO2),316.73,ppm
1959.789,1.0,Climate change (CO2),316.33,ppm
1959.874,1.0,Climate change (CO2),316.68,ppm
1959.9562,1.0,Climate change (CO2),316.35,ppm
1960.041,1.0,Climate change (CO2),316.4,ppm
1960.1257,1.0,Climate change (CO2),316.36,ppm
1960.2049,1.0,Climate change (CO2),316.28,ppm
1960.2896,1.0,Climate change (CO2),316.7,ppm
1960.3716,1.0,Climate change (CO2),317.22,ppm
1960.4563,1.0,Climate change (CO2),317.47,ppm
1960.5383,1.0,Climate change (CO2),317.52,ppm
1960.623,1.0,Climate change (CO2),317.19,ppm
1960.7077,1.0,Climate change (CO2),317.08,ppm
1960.7896,1.0,Climate change (CO2),316.83,ppm
1960.8743,1.0,Climate change (CO2),316.88,ppm
1960.9563,1.0,Climate change (CO2),316.96,ppm
1961.0411,1.0,Climate change (CO2),316.86,ppm
1961.126,1.0,Climate change (CO2),317.08,ppm
1961.2027,1.0,Climate change (CO2),317.26,ppm
1961.2877,1.0,Climate change (CO2),317.16,ppm
1961.3699,1.0,Climate change (CO2),317.76,ppm
1961.4548,1.0,Climate change (CO2),317.63,ppm
1961.537,1.0,Climate change (CO2),317.88,ppm
1961.6219,1.0,Climate change (CO2),318.06,ppm
1961.7068,1.0,Climate change (CO2),317.9,ppm
1961.789,1.0,Climate change (CO2),318.32,ppm
1961.874,1.0,Climate change (CO2),317.99,ppm
1961.9562,1.0,Climate change (CO2),317.79,ppm
1962.0411,1.0,Climate change (CO2),317.91,ppm
1962.126,1.0,Climate change (CO2),317.92,ppm
1962.2027,1.0,Climate change (CO2),318.39,ppm
1962.2877,1.0,Climate change (CO2),318.24,ppm
1962.3699,1.0,Climate change (CO2),318.18,ppm
1962.4548,1.0,Climate change (CO2),318.47,ppm
1962.537,1.0,Climate change (CO2),318.92,ppm
1962.6219,1.0,Climate change (CO2),318.68,ppm
1962.7068,1.0,Climate change (CO2),319.17,ppm
1962.789,1.0,Climate change (CO2),318.45,ppm
1962.874,1.0,Climate change (CO2),318.58,ppm
1962.9562,1.0,Climate change (CO2),318.47,ppm
1963.0411,1.0,Climate change (CO2),318.7,ppm
1963.126,1.0,Climate change (CO2),318.44,ppm
1963.2027,1.0,Climate change (CO2),318.57,ppm
1963.2877,1.0,Climate change (CO2),319.05,ppm
1963.3699,1.0,Climate change (CO2),319.4,ppm
1963.4548,1.0,Climate change (CO2),319.32,ppm
1963.537,1.0,Climate change (CO2),319.05,ppm
1963.6219,1.0,Climate change (CO2),319.05,ppm
1963.7068,1.0,Climate change (CO2),319.14,ppm
1963.789,1.0,Climate change (CO2),319.02,ppm
1963.874,1.0,Climate change (CO2),318.97,ppm
1963.9562,1.0,Climate change (CO2),319.13,ppm
1964.041,1.0,Climate change (CO2),319.54,ppm
1964.1257,1.0,Climate change (CO2),319.37,ppm
1964.2049,1.0,Climate change (CO2),319.41,ppm
1964.2896,1.0,Climate change (CO2),319.45,ppm
1964.3716,1.0,Climate change (CO2),319.4,ppm
1964.4563,1.0,Climate change (CO2),319.75,ppm
1964.5383,1.0,Climate change (CO2),319.77,ppm
1964.623,1.0,Climate change (CO2),320.0,ppm
1964.7077,1.0,Climate change (CO2),319.66,ppm
1964.7896,1.0,Climate change (CO2),319.91,ppm
1964.8743,1.0,Climate change (CO2),319.58,ppm
1964.9563,1.0,Climate change (CO2),319.49,ppm
1965.0411,1.0,Climate change (CO2),319.4,ppm
1965.126,1.0,Climate change (CO2),319.81,ppm
1965.2027,1.0,Climate change (CO2),319.59,ppm
1965.2877,1.0,Climate change (CO2),319.78,ppm
1965.3699,1.0,Climate change (CO2),319.3,ppm
1965.4548,1.0,Climate change (CO2),319.7,ppm
1965.537,1.0,Climate change (CO2),320.51,ppm
1965.6219,1.0,Climate change (CO2),320.15,ppm
1965.7068,1.0,Climate change (CO2),320.77,ppm
1965.789,1.0,Climate change (CO2),320.36,ppm
1965.874,1.0,Climate change (CO2),320.78,ppm
1965.9562,1.0,Climate change (CO2),320.2,ppm
1966.0411,1.0,Climate change (CO2),320.59,ppm
1966.126,1.0,Climate change (CO2),320.96,ppm
1966.2027,1.0,Climate change (CO2),321.08,ppm
1966.2877,1.0,Climate change (CO2),321.34,ppm
1966.3699,1.0,Climate change (CO2),321.2,ppm
1966.4548,1.0,Climate change (CO2),321.57,ppm
1966.537,1.0,Climate change (CO2),321.68,ppm
1966.6219,1.0,Climate change (CO2),321.65,ppm
1966.7068,1.0,Climate change (CO2),321.6,ppm
1966.789,1.0,Climate change (CO2),321.17,ppm
1966.874,1.0,Climate change (CO2),321.7,ppm
1966.9562,1.0,Climate change (CO2),321.81,ppm
1967.0411,1.0,Climate change (CO2),322.29,ppm
1967.126,1.0,Climate change (CO2),321.86,ppm
1967.2027,1.0,Climate change (CO2),321.73,ppm
1967.2877,1.0,Climate change (CO2),322.04,ppm
1967.3699,1.0,Climate change (CO2),322.12,ppm
1967.4548,1.0,Climate change (CO2),321.91,ppm
1967.537,1.0,Climate change (CO2),321.84,ppm
1967.6219,1.0,Climate change (CO2),322.21,ppm
1967.7068,1.0,Climate change (CO2),322.23,ppm
1967.789,1.0,Climate change (CO2),322.47,ppm
1967.874,1.0,Climate change (CO2),322.65,ppm
1967.9562,1.0,Climate change (CO2),322.75,ppm
1968.041,1.0,Climate change (CO2),322.54,ppm
1968.1257,1.0,Climate change (CO2),322.51,ppm
1968.2049,1.0,Climate change (CO2),322.55,ppm
1968.2896,1.0,Climate change (CO2),322.62,ppm
1968.3716,1.0,Climate change (CO2),322.68,ppm
1968.4563,1.0,Climate change (CO2),323.19,ppm
1968.5383,1.0,Climate change (CO2),323.46,ppm
1968.623,1.0,Climate change (CO2),323.43,ppm
1968.7077,1.0,Climate change (CO2),323.32,ppm
1968.7896,1.0,Climate change (CO2),323.33,ppm
1968.8743,1.0,Climate change (CO2),323.25,ppm
1968.9563,1.0,Climate change (CO2),323.69,ppm
1969.0411,1.0,Climate change (CO2),323.97,ppm
1969.126,1.0,Climate change (CO2),323.77,ppm
1969.2027,1.0,Climate change (CO2),324.31,ppm
1969.2877,1.0,Climate change (CO2),324.27,ppm
1969.3699,1.0,Climate change (CO2),324.48,ppm
1969.4548,1.0,Climate change (CO2),324.51,ppm
1969.537,1.0,Climate change (CO2),325.17,ppm
1969.6219,1.0,Climate change (CO2),324.97,ppm
1969.7068,1.0,Climate change (CO2),325.37,ppm
1969.789,1.0,Climate change (CO2),324.88,ppm
1969.874,1.0,Climate change (CO2),324.79,ppm
1969.9562,1.0,Climate change (CO2),324.91,ppm
1970.0411,1.0,Climate change (CO2),325.03,ppm
1970.126,1.0,Climate change (CO2),325.34,ppm
1970.2027,1.0,Climate change (CO2),325.61,ppm
1970.2877,1.0,Climate change (CO2),325.74,ppm
1970.3699,1.0,Climate change (CO2),325.16,ppm
1970.4548,1.0,Climate change (CO2),325.46,ppm
1970.537,1.0,Climate change (CO2),325.63,ppm
1970.6219,1.0,Climate change (CO2),325.99,ppm
1970.7068,1.0,Climate change (CO2),326.1,ppm
1970.789,1.0,Climate change (CO2),326.18,ppm
1970.874,1.0,Climate change (CO2),325.95,ppm
1970.9562,1.0,Climate change (CO2),325.93,ppm
1971.0411,1.0,Climate change (CO2),326.14,ppm
1971.126,1.0,Climate change (CO2),326.03,ppm
1971.2027,1.0,Climate change (CO2),325.85,ppm
1971.2877,1.0,Climate change (CO2),325.38,ppm
1971.3699,1.0,Climate change (CO2),326.0,ppm
1971.4548,1.0,Climate change (CO2),326.36,ppm
1971.537,1.0,Climate change (CO2),326.65,ppm
1971.6219,1.0,Climate change (CO2),326.74,ppm
1971.7068,1.0,Climate change (CO2),326.37,ppm
1971.789,1.0,Climate change (CO2),326.69,ppm
1971.874,1.0,Climate change (CO2),326.75,ppm
1971.9562,1.0,Climate change (CO2),326.82,ppm
1972.041,1.0,Climate change (CO2),326.73,ppm
1972.1257,1.0,Climate change (CO2),326.98,ppm
1972.2049,1.0,Climate change (CO2),326.39,ppm
1972.2896,1.0,Climate change (CO2),327.29,ppm
1972.3716,1.0,Climate change (CO2),327.14,ppm
1972.4563,1.0,Climate change (CO2),326.88,ppm
1972.5383,1.0,Climate change (CO2),327.36,ppm
1972.623,1.0,Climate change (CO2),327.67,ppm
1972.7077,1.0,Climate change (CO2),327.87,ppm
1972.7896,1.0,Climate change (CO2),328.33,ppm
1972.8743,1.0,Climate change (CO2),328.45,ppm
1972.9563,1.0,Climate change (CO2),328.36,ppm
1973.0411,1.0,Climate change (CO2),328.51,ppm
1973.126,1.0,Climate change (CO2),328.91,ppm
1973.2027,1.0,Climate change (CO2),328.96,ppm
1973.2877,1.0,Climate change (CO2),329.08,ppm
1973.3699,1.0,Climate change (CO2),329.54,ppm
1973.4548,1.0,Climate change (CO2),329.84,ppm
1973.537,1.0,Climate change (CO2),330.15,ppm
1973.6219,1.0,Climate change (CO2),330.63,ppm
1973.7068,1.0,Climate change (CO2),330.55,ppm
1973.789,1.0,Climate change (CO2),330.32,ppm
1973.874,1.0,Climate change (CO2),330.13,ppm
1973.9562,1.0,Climate change (CO2),329.45,ppm
1974.0411,1.0,Climate change (CO2),329.32,ppm
1974.126,1.0,Climate change (CO2),330.05,ppm
1974.2027,1.0,Climate change (CO2),330.14,ppm
1974.2877,1.0,Climate change (CO2),330.22,ppm
1974.375,1.0,Climate change (CO2),330.21,ppm
1974.4583,1.0,Climate change (CO2),329.79,ppm
1974.5417,1.0,Climate change (CO2),330.21,ppm
1974.625,1.0,Climate change (CO2),330.54,ppm
1974.7083,1.0,Climate change (CO2),330.44,ppm
1974.7917,1.0,Climate change (CO2),330.53,ppm
1974.875,1.0,Climate change (CO2),330.5,ppm
1974.9583,1.0,Climate change (CO2),330.55,ppm
1975.0417,1.0,Climate change (CO2),330.84,ppm
1975.125,1.0,Climate change (CO2),330.85,ppm
1975.2083,1.0,Climate change (CO2),330.37,ppm
1975.2917,1.0,Climate change (CO2),330.53,ppm
1975.375,1.0,Climate change (CO2),330.98,ppm
1975.4583,1.0,Climate change (CO2),331.01,ppm
1975.5417,1.0,Climate change (CO2),331.12,ppm
1975.625,1.0,Climate change (CO2),331.33,ppm
1975.7083,1.0,Climate change (CO2),331.6,ppm
1975.7917,1.0,Climate change (CO2),331.62,ppm
1975.875,1.0,Climate change (CO2),331.57,ppm
1975.9583,1.0,Climate change (CO2),331.72,ppm
1976.0417,1.0,Climate change (CO2),331.67,ppm
1976.125,1.0,Climate change (CO2),332.13,ppm
1976.2083,1.0,Climate change (CO2),331.78,ppm
1976.2917,1.0,Climate change (CO2),332.16,ppm
1976.375,1.0,Climate change (CO2),331.75,ppm
1976.4583,1.0,Climate change (CO2),331.56,ppm
1976.5417,1.0,Climate change (CO2),332.23,ppm
1976.625,1.0,Climate change (CO2),332.07,ppm
1976.7083,1.0,Climate change (CO2),332.07,ppm
1976.7917,1.0,Climate change (CO2),331.97,ppm
1976.875,1.0,Climate change (CO2),332.35,ppm
1976.9583,1.0,Climate change (CO2),332.59,ppm
1977.0417,1.0,Climate change (CO2),332.77,ppm
1977.125,1.0,Climate change (CO2),332.58,ppm
1977.2083,1.0,Climate change (CO2),333.4,ppm
1977.2917,1.0,Climate change (CO2),333.54,ppm
1977.375,1.0,Climate change (CO2),333.99,ppm
1977.4583,1.0,Climate change (CO2),333.79,ppm
1977.5417,1.0,Climate change (CO2),334.01,ppm
1977.625,1.0,Climate change (CO2),333.91,ppm
1977.7083,1.0,Climate change (CO2),334.36,ppm
1977.7917,1.0,Climate change (CO2),334.51,ppm
1977.875,1.0,Climate change (CO2),334.69,ppm
1977.9583,1.0,Climate change (CO2),334.58,ppm
1978.0417,1.0,Climate change (CO2),335.01,ppm
1978.125,1.0,Climate change (CO2),334.6,ppm
1978.2083,1.0,Climate change (CO2),335.0,ppm
1978.2917,1.0,Climate change (CO2),335.07,ppm
1978.375,1.0,Climate change (CO2),335.08,ppm
1978.4583,1.0,Climate change (CO2),335.6,ppm
1978.5417,1.0,Climate change (CO2),335.65,ppm
1978.625,1.0,Climate change (CO2),335.87,ppm
1978.7083,1.0,Climate change (CO2),335.51,ppm
1978.7917,1.0,Climate change (CO2),335.72,ppm
1978.875,1.0,Climate change (CO2),335.99,ppm
1978.9583,1.0,Climate change (CO2),335.88,ppm
1979.0417,1.0,Climate change (CO2),336.22,ppm
1979.125,1.0,Climate change (CO2),336.0,ppm
1979.2083,1.0,Climate change (CO2),336.56,ppm
1979.2917,1.0,Climate change (CO2),336.11,ppm
1979.375,1.0,Climate change (CO2),336.24,ppm
1979.4583,1.0,Climate change (CO2),336.83,ppm
1979.5417,1.0,Climate change (CO2),336.69,ppm
1979.625,1.0,Climate change (CO2),337.2,ppm
1979.7083,1.0,Climate change (CO2),337.19,ppm
1979.7917,1.0,Climate change (CO2),337.57,ppm
1979.875,1.0,Climate change (CO2),337.59,ppm
1979.9583,1.0,Climate change (CO2),337.83,ppm
1980.0417,1.0,Climate change (CO2),338.13,ppm
1980.125,1.0,Climate change (CO2),337.85,ppm
1980.2083,1.0,Climate change (CO2),338.51,ppm
1980.2917,1.0,Climate change (CO2),338.31,ppm
1980.375,1.0,Climate change (CO2),338.4,ppm
1980.4583,1.0,Climate change (CO2),338.85,ppm
1980.5417,1.0,Climate change (CO2),338.56,ppm
1980.625,1.0,Climate change (CO2),339.07,ppm
1980.7083,1.0,Climate change (CO2),339.38,ppm
1980.7917,1.0,Climate change (CO2),339.4,ppm
1980.875,1.0,Climate change (CO2),339.46,ppm
1980.9583,1.0,Climate change (CO2),339.26,ppm
1981.0417,1.0,Climate change (CO2),339.42,ppm
1981.125,1.0,Climate change (CO2),339.98,ppm
1981.2083,1.0,Climate change (CO2),340.08,ppm
1981.2917,1.0,Climate change (CO2),339.98,ppm
1981.375,1.0,Climate change (CO2),339.97,ppm
1981.4583,1.0,Climate change (CO2),340.06,ppm
1981.5417,1.0,Climate change (CO2),339.92,ppm
1981.625,1.0,Climate change (CO2),339.87,ppm
1981.7083,1.0,Climate change (CO2),340.17,ppm
1981.7917,1.0,Climate change (CO2),340.39,ppm
1981.875,1.0,Climate change (CO2),340.75,ppm
1981.9583,1.0,Climate change (CO2),340.85,ppm
1982.0417,1.0,Climate change (CO2),341.09,ppm
1982.125,1.0,Climate change (CO2),341.16,ppm
1982.2083,1.0,Climate change (CO2),341.18,ppm
1982.2917,1.0,Climate change (CO2),341.32,ppm
1982.375,1.0,Climate change (CO2),341.67,ppm
1982.4583,1.0,Climate change (CO2),341.43,ppm
1982.5417,1.0,Climate change (CO2),341.61,ppm
1982.625,1.0,Climate change (CO2),341.64,ppm
1982.7083,1.0,Climate change (CO2),341.56,ppm
1982.7917,1.0,Climate change (CO2),341.77,ppm
1982.875,1.0,Climate change (CO2),341.59,ppm
1982.9583,1.0,Climate change (CO2),341.71,ppm
1983.0417,1.0,Climate change (CO2),341.75,ppm
1983.125,1.0,Climate change (CO2),342.25,ppm
1983.2083,1.0,Climate change (CO2),341.85,ppm
1983.2917,1.0,Climate change (CO2),342.76,ppm
1983.375,1.0,Climate change (CO2),342.97,ppm
1983.4583,1.0,Climate change (CO2),343.3,ppm
1983.5417,1.0,Climate change (CO2),343.56,ppm
1983.625,1.0,Climate change (CO2),343.89,ppm
1983.7083,1.0,Climate change (CO2),343.59,ppm
1983.7917,1.0,Climate change (CO2),343.86,ppm
1983.875,1.0,Climate change (CO2),343.92,ppm
1983.9583,1.0,Climate change (CO2),344.12,ppm
1984.0417,1.0,Climate change (CO2),344.32,ppm
1984.125,1.0,Climate change (CO2),344.39,ppm
1984.2083,1.0,Climate change (CO2),344.26,ppm
1984.2917,1.0,Climate change (CO2),344.75,ppm
1984.375,1.0,Climate change (CO2),344.59,ppm
1984.4583,1.0,Climate change (CO2),344.73,ppm
1984.5417,1.0,Climate change (CO2),345.02,ppm
1984.625,1.0,Climate change (CO2),345.12,ppm
1984.7083,1.0,Climate change (CO2),344.76,ppm
1984.7917,1.0,Climate change (CO2),345.19,ppm
1984.875,1.0,Climate change (CO2),345.41,ppm
1984.9583,1.0,Climate change (CO2),345.88,ppm
1985.0417,1.0,Climate change (CO2),345.59,ppm
1985.125,1.0,Climate change (CO2),345.92,ppm
1985.2083,1.0,Climate change (CO2),346.56,ppm
1985.2917,1.0,Climate change (CO2),346.08,ppm
1985.375,1.0,Climate change (CO2),346.12,ppm
1985.4583,1.0,Climate change (CO2),346.23,ppm
1985.5417,1.0,Climate change (CO2),346.08,ppm
1985.625,1.0,Climate change (CO2),346.57,ppm
1985.7083,1.0,Climate change (CO2),346.59,ppm
1985.7917,1.0,Climate change (CO2),346.6,ppm
1985.875,1.0,Climate change (CO2),346.82,ppm
1985.9583,1.0,Climate change (CO2),347.04,ppm
1986.0417,1.0,Climate change (CO2),346.82,ppm
1986.125,1.0,Climate change (CO2),346.98,ppm
1986.2083,1.0,Climate change (CO2),346.93,ppm
1986.2917,1.0,Climate change (CO2),347.29,ppm
1986.375,1.0,Climate change (CO2),347.41,ppm
1986.4583,1.0,Climate change (CO2),347.61,ppm
1986.5417,1.0,Climate change (CO2),347.43,ppm
1986.625,1.0,Climate change (CO2),347.51,ppm
1986.7083,1.0,Climate change (CO2),348.62,ppm
1986.7917,1.0,Climate change (CO2),348.04,ppm
1986.875,1.0,Climate change (CO2),348.28,ppm
1986.9583,1.0,Climate change (CO2),348.36,ppm
1987.0417,1.0,Climate change (CO2),348.66,ppm
1987.125,1.0,Climate change (CO2),348.24,ppm
1987.2083,1.0,Climate change (CO2),348.39,ppm
1987.2917,1.0,Climate change (CO2),348.84,ppm
1987.375,1.0,Climate change (CO2),349.09,ppm
1987.4583,1.0,Climate change (CO2),349.29,ppm
1987.5417,1.0,Climate change (CO2),349.51,ppm
1987.625,1.0,Climate change (CO2),349.65,ppm
1987.7083,1.0,Climate change (CO2),349.85,ppm
1987.7917,1.0,Climate change (CO2),349.96,ppm
1987.875,1.0,Climate change (CO2),350.15,ppm
1987.9583,1.0,Climate change (CO2),350.14,ppm
1988.0417,1.0,Climate change (CO2),350.49,ppm
1988.125,1.0,Climate change (CO2),351.0,ppm
1988.2083,1.0,Climate change (CO2),350.99,ppm
1988.2917,1.0,Climate change (CO2),351.03,ppm
1988.375,1.0,Climate change (CO2),351.22,ppm
1988.4583,1.0,Climate change (CO2),351.55,ppm
1988.5417,1.0,Climate change (CO2),352.15,ppm
1988.625,1.0,Climate change (CO2),352.01,ppm
1988.7083,1.0,Climate change (CO2),352.18,ppm
1988.7917,1.0,Climate change (CO2),352.62,ppm
1988.875,1.0,Climate change (CO2),352.53,ppm
1988.9583,1.0,Climate change (CO2),352.52,ppm
1989.0417,1.0,Climate change (CO2),352.99,ppm
1989.125,1.0,Climate change (CO2),352.69,ppm
1989.2083,1.0,Climate change (CO2),352.6,ppm
1989.2917,1.0,Climate change (CO2),353.07,ppm
1989.375,1.0,Climate change (CO2),352.78,ppm
1989.4583,1.0,Climate change (CO2),353.06,ppm
1989.5417,1.0,Climate change (CO2),353.38,ppm
1989.625,1.0,Climate change (CO2),353.43,ppm
1989.7083,1.0,Climate change (CO2),353.37,ppm
1989.7917,1.0,Climate change (CO2),353.57,ppm
1989.875,1.0,Climate change (CO2),353.68,ppm
1989.9583,1.0,Climate change (CO2),353.84,ppm
1990.0417,1.0,Climate change (CO2),353.78,ppm
1990.125,1.0,Climate change (CO2),354.37,ppm
1990.2083,1.0,Climate change (CO2),354.27,ppm
1990.2917,1.0,Climate change (CO2),353.76,ppm
1990.375,1.0,Climate change (CO2),354.23,ppm
1990.4583,1.0,Climate change (CO2),354.02,ppm
1990.5417,1.0,Climate change (CO2),354.24,ppm
1990.625,1.0,Climate change (CO2),354.68,ppm
1990.7083,1.0,Climate change (CO2),354.69,ppm
1990.7917,1.0,Climate change (CO2),354.94,ppm
1990.875,1.0,Climate change (CO2),355.18,ppm
1990.9583,1.0,Climate change (CO2),355.26,ppm
1991.0417,1.0,Climate change (CO2),354.9,ppm
1991.125,1.0,Climate change (CO2),355.11,ppm
1991.2083,1.0,Climate change (CO2),355.79,ppm
1991.2917,1.0,Climate change (CO2),356.13,ppm
1991.375,1.0,Climate change (CO2),356.1,ppm
1991.4583,1.0,Climate change (CO2),355.88,ppm
1991.5417,1.0,Climate change (CO2),355.69,ppm
1991.625,1.0,Climate change (CO2),355.59,ppm
1991.7083,1.0,Climate change (CO2),355.66,ppm
1991.7917,1.0,Climate change (CO2),355.69,ppm
1991.875,1.0,Climate change (CO2),355.87,ppm
1991.9583,1.0,Climate change (CO2),356.02,ppm
1992.0417,1.0,Climate change (CO2),356.29,ppm
1992.125,1.0,Climate change (CO2),356.47,ppm
1992.2083,1.0,Climate change (CO2),356.38,ppm
1992.2917,1.0,Climate change (CO2),356.51,ppm
1992.375,1.0,Climate change (CO2),356.52,ppm
1992.4583,1.0,Climate change (CO2),357.07,ppm
1992.5417,1.0,Climate change (CO2),356.58,ppm
1992.625,1.0,Climate change (CO2),356.67,ppm
1992.7083,1.0,Climate change (CO2),356.36,ppm
1992.7917,1.0,Climate change (CO2),356.72,ppm
1992.875,1.0,Climate change (CO2),356.48,ppm
1992.9583,1.0,Climate change (CO2),356.5,ppm
1993.0417,1.0,Climate change (CO2),357.06,ppm
1993.125,1.0,Climate change (CO2),356.54,ppm
1993.2083,1.0,Climate change (CO2),356.88,ppm
1993.2917,1.0,Climate change (CO2),356.71,ppm
1993.375,1.0,Climate change (CO2),357.14,ppm
1993.4583,1.0,Climate change (CO2),357.24,ppm
1993.5417,1.0,Climate change (CO2),356.87,ppm
1993.625,1.0,Climate change (CO2),357.44,ppm
1993.7083,1.0,Climate change (CO2),357.51,ppm
1993.7917,1.0,Climate change (CO2),357.61,ppm
1993.875,1.0,Climate change (CO2),357.65,ppm
1993.9583,1.0,Climate change (CO2),357.92,ppm
1994.0417,1.0,Climate change (CO2),358.25,ppm
1994.125,1.0,Climate change (CO2),358.21,ppm
1994.2083,1.0,Climate change (CO2),358.41,ppm
1994.2917,1.0,Climate change (CO2),358.59,ppm
1994.375,1.0,Climate change (CO2),358.59,ppm
1994.4583,1.0,Climate change (CO2),358.57,ppm
1994.5417,1.0,Climate change (CO2),358.91,ppm
1994.625,1.0,Climate change (CO2),359.29,ppm
1994.7083,1.0,Climate change (CO2),359.31,ppm
1994.7917,1.0,Climate change (CO2),359.63,ppm
1994.875,1.0,Climate change (CO2),359.8,ppm
1994.9583,1.0,Climate change (CO2),359.96,ppm
1995.0417,1.0,Climate change (CO2),359.91,ppm
1995.125,1.0,Climate change (CO2),360.18,ppm
1995.2083,1.0,Climate change (CO2),360.37,ppm
1995.2917,1.0,Climate change (CO2),360.76,ppm
1995.375,1.0,Climate change (CO2),360.72,ppm
1995.4583,1.0,Climate change (CO2),360.98,ppm
1995.5417,1.0,Climate change (CO2),361.1,ppm
1995.625,1.0,Climate change (CO2),360.93,ppm
1995.7083,1.0,Climate change (CO2),361.7,ppm
1995.7917,1.0,Climate change (CO2),361.52,ppm
1995.875,1.0,Climate change (CO2),361.75,ppm
1995.9583,1.0,Climate change (CO2),361.67,ppm
1996.0417,1.0,Climate change (CO2),361.98,ppm
1996.125,1.0,Climate change (CO2),362.47,ppm
1996.2083,1.0,Climate change (CO2),362.64,ppm
1996.2917,1.0,Climate change (CO2),361.99,ppm
1996.375,1.0,Climate change (CO2),362.23,ppm
1996.4583,1.0,Climate change (CO2),362.82,ppm
1996.5417,1.0,Climate change (CO2),362.98,ppm
1996.625,1.0,Climate change (CO2),363.13,ppm
1996.7083,1.0,Climate change (CO2),363.14,ppm
1996.7917,1.0,Climate change (CO2),363.12,ppm
1996.875,1.0,Climate change (CO2),363.18,ppm
1996.9583,1.0,Climate change (CO2),363.23,ppm
1997.0417,1.0,Climate change (CO2),363.03,ppm
1997.125,1.0,Climate change (CO2),363.4,ppm
1997.2083,1.0,Climate change (CO2),363.02,ppm
1997.2917,1.0,Climate change (CO2),363.82,ppm
1997.375,1.0,Climate change (CO2),363.87,ppm
1997.4583,1.0,Climate change (CO2),363.56,ppm
1997.5417,1.0,Climate change (CO2),363.74,ppm
1997.625,1.0,Climate change (CO2),363.98,ppm
1997.7083,1.0,Climate change (CO2),363.83,ppm
1997.7917,1.0,Climate change (CO2),364.28,ppm
1997.875,1.0,Climate change (CO2),364.71,ppm
1997.9583,1.0,Climate change (CO2),365.28,ppm
1998.0417,1.0,Climate change (CO2),365.19,ppm
1998.125,1.0,Climate change (CO2),365.29,ppm
1998.2083,1.0,Climate change (CO2),365.73,ppm
1998.2917,1.0,Climate change (CO2),366.17,ppm
1998.375,1.0,Climate change (CO2),366.68,ppm
1998.4583,1.0,Climate change (CO2),366.95,ppm
1998.5417,1.0,Climate change (CO2),367.29,ppm
1998.625,1.0,Climate change (CO2),367.69,ppm
1998.7083,1.0,Climate change (CO2),367.51,ppm
1998.7917,1.0,Climate change (CO2),367.82,ppm
1998.875,1.0,Climate change (CO2),367.7,ppm
1998.9583,1.0,Climate change (CO2),368.05,ppm
1999.0417,1.0,Climate change (CO2),368.13,ppm
1999.125,1.0,Climate change (CO2),368.46,ppm
1999.2083,1.0,Climate change (CO2),368.24,ppm
1999.2917,1.0,Climate change (CO2),368.62,ppm
1999.375,1.0,Climate change (CO2),368.31,ppm
1999.4583,1.0,Climate change (CO2),368.3,ppm
1999.5417,1.0,Climate change (CO2),368.93,ppm
1999.625,1.0,Climate change (CO2),368.63,ppm
1999.7083,1.0,Climate change (CO2),368.28,ppm
1999.7917,1.0,Climate change (CO2),368.8,ppm
1999.875,1.0,Climate change (CO2),368.86,ppm
1999.9583,1.0,Climate change (CO2),368.93,ppm
2000.0417,1.0,Climate change (CO2),369.24,ppm
2000.125,1.0,Climate change (CO2),368.99,ppm
2000.2083,1.0,Climate change (CO2),369.24,ppm
2000.2917,1.0,Climate change (CO2),369.44,ppm
2000.375,1.0,Climate change (CO2),368.87,ppm
2000.4583,1.0,Climate change (CO2),369.66,ppm
2000.5417,1.0,Climate change (CO2),369.36,ppm
2000.625,1.0,Climate change (CO2),369.87,ppm
2000.7083,1.0,Climate change (CO2),370.46,ppm
2000.7917,1.0,Climate change (CO2),370.42,ppm
2000.875,1.0,Climate change (CO2),370.48,ppm
2000.9583,1.0,Climate change (CO2),370.46,ppm
2001.0417,1.0,Climate change (CO2),370.6,ppm
2001.125,1.0,Climate change (CO2),370.95,ppm
2001.2083,1.0,Climate change (CO2),371.06,ppm
2001.2917,1.0,Climate change (CO2),370.99,ppm
2001.375,1.0,Climate change (CO2),371.11,ppm
2001.4583,1.0,Climate change (CO2),371.17,ppm
2001.5417,1.0,Climate change (CO2),371.08,ppm
2001.625,1.0,Climate change (CO2),371.39,ppm
2001.7083,1.0,Climate change (CO2),371.61,ppm
2001.7917,1.0,Climate change (CO2),371.85,ppm
2001.875,1.0,Climate change (CO2),371.92,ppm
2001.9583,1.0,Climate change (CO2),372.09,ppm
2002.0417,1.0,Climate change (CO2),372.48,ppm
2002.125,1.0,Climate change (CO2),372.49,ppm
2002.2083,1.0,Climate change (CO2),372.61,ppm
2002.2917,1.0,Climate change (CO2),372.54,ppm
2002.375,1.0,Climate change (CO2),372.98,ppm
2002.4583,1.0,Climate change (CO2),373.46,ppm
2002.5417,1.0,Climate change (CO2),373.58,ppm
2002.625,1.0,Climate change (CO2),373.7,ppm
2002.7083,1.0,Climate change (CO2),374.28,ppm
2002.7917,1.0,Climate change (CO2),374.06,ppm
2002.875,1.0,Climate change (CO2),374.52,ppm
2002.9583,1.0,Climate change (CO2),374.72,ppm
2003.0417,1.0,Climate change (CO2),374.82,ppm
2003.125,1.0,Climate change (CO2),374.95,ppm
2003.2083,1.0,Climate change (CO2),374.99,ppm
2003.2917,1.0,Climate change (CO2),375.24,ppm
2003.375,1.0,Climate change (CO2),375.73,ppm
2003.4583,1.0,Climate change (CO2),376.22,ppm
2003.5417,1.0,Climate change (CO2),376.37,ppm
2003.625,1.0,Climate change (CO2),376.27,ppm
2003.7083,1.0,Climate change (CO2),376.65,ppm
2003.7917,1.0,Climate change (CO2),376.65,ppm
2003.875,1.0,Climate change (CO2),376.99,ppm
2003.9583,1.0,Climate change (CO2),376.93,ppm
2004.0417,1.0,Climate change (CO2),376.96,ppm
2004.125,1.0,Climate change (CO2),377.19,ppm
2004.2083,1.0,Climate change (CO2),377.4,ppm
2004.2917,1.0,Climate change (CO2),377.8,ppm
2004.375,1.0,Climate change (CO2),377.66,ppm
2004.4583,1.0,Climate change (CO2),377.57,ppm
2004.5417,1.0,Climate change (CO2),377.12,ppm
2004.625,1.0,Climate change (CO2),377.9,ppm
2004.7083,1.0,Climate change (CO2),377.8,ppm
2004.7917,1.0,Climate change (CO2),377.99,ppm
2004.875,1.0,Climate change (CO2),378.49,ppm
2004.9583,1.0,Climate change (CO2),378.48,ppm
2005.0417,1.0,Climate change (CO2),378.37,ppm
2005.125,1.0,Climate change (CO2),379.1,ppm
2005.2083,1.0,Climate change (CO2),379.45,ppm
2005.2917,1.0,Climate change (CO2),379.84,ppm
2005.375,1.0,Climate change (CO2),379.49,ppm
2005.4583,1.0,Climate change (CO2),380.07,ppm
2005.5417,1.0,Climate change (CO2),380.38,ppm
2005.625,1.0,Climate change (CO2),380.61,ppm
2005.7083,1.0,Climate change (CO2),380.2,ppm
2005.7917,1.0,Climate change (CO2),380.5,ppm
2005.875,1.0,Climate change (CO2),380.69,ppm
2005.9583,1.0,Climate change (CO2),381.09,ppm
2006.0417,1.0,Climate change (CO2),381.34,ppm
2006.125,1.0,Climate change (CO2),381.58,ppm
2006.2083,1.0,Climate change (CO2),381.32,ppm
2006.2917,1.0,Climate change (CO2),382.11,ppm
2006.375,1.0,Climate change (CO2),382.06,ppm
2006.4583,1.0,Climate change (CO2),381.93,ppm
2006.5417,1.0,Climate change (CO2),382.1,ppm
2006.625,1.0,Climate change (CO2),382.27,ppm
2006.7083,1.0,Climate change (CO2),382.35,ppm
2006.7917,1.0,Climate change (CO2),382.66,ppm
2006.875,1.0,Climate change (CO2),382.52,ppm
2006.9583,1.0,Climate change (CO2),382.84,ppm
2007.0417,1.0,Climate change (CO2),382.88,ppm
2007.125,1.0,Climate change (CO2),383.22,ppm
2007.2083,1.0,Climate change (CO2),383.17,ppm
2007.2917,1.0,Climate change (CO2),383.95,ppm
2007.375,1.0,Climate change (CO2),383.56,ppm
2007.4583,1.0,Climate change (CO2),384.06,ppm
2007.5417,1.0,Climate change (CO2),384.25,ppm
2007.625,1.0,Climate change (CO2),383.95,ppm
2007.7083,1.0,Climate change (CO2),384.56,ppm
2007.7917,1.0,Climate change (CO2),384.72,ppm
2007.875,1.0,Climate change (CO2),384.9,ppm
2007.9583,1.0,Climate change (CO2),385.07,ppm
2008.0417,1.0,Climate change (CO2),385.54,ppm
2008.125,1.0,Climate change (CO2),385.2,ppm
2008.2083,1.0,Climate change (CO2),384.72,ppm
2008.2917,1.0,Climate change (CO2),384.71,ppm
2008.375,1.0,Climate change (CO2),385.69,ppm
2008.4583,1.0,Climate change (CO2),385.68,ppm
2008.5417,1.0,Climate change (CO2),386.05,ppm
2008.625,1.0,Climate change (CO2),385.98,ppm
2008.7083,1.0,Climate change (CO2),386.69,ppm
2008.7917,1.0,Climate change (CO2),386.5,ppm
2008.875,1.0,Climate change (CO2),386.58,ppm
2008.9583,1.0,Climate change (CO2),386.64,ppm
2009.0417,1.0,Climate change (CO2),386.86,ppm
2009.125,1.0,Climate change (CO2),386.81,ppm
2009.2083,1.0,Climate change (CO2),387.54,ppm
2009.2917,1.0,Climate change (CO2),387.15,ppm
2009.375,1.0,Climate change (CO2),387.24,ppm
2009.4583,1.0,Climate change (CO2),387.46,ppm
2009.5417,1.0,Climate change (CO2),387.77,ppm
2009.625,1.0,Climate change (CO2),387.99,ppm
2009.7083,1.0,Climate change (CO2),388.22,ppm
2009.7917,1.0,Climate change (CO2),387.88,ppm
2009.875,1.0,Climate change (CO2),388.36,ppm
2009.9583,1.0,Climate change (CO2),388.43,ppm
2010.0417,1.0,Climate change (CO2),388.62,ppm
2010.125,1.0,Climate change (CO2),389.47,ppm
2010.2083,1.0,Climate change (CO2),389.85,ppm
2010.2917,1.0,Climate change (CO2),390.12,ppm
2010.375,1.0,Climate change (CO2),390.09,ppm
2010.4583,1.0,Climate change (CO2),390.1,ppm
2010.5417,1.0,Climate change (CO2),389.93,ppm
2010.625,1.0,Climate change (CO2),390.21,ppm
2010.7083,1.0,Climate change (CO2),390.32,ppm
2010.7917,1.0,Climate change (CO2),390.72,ppm
2010.875,1.0,Climate change (CO2),390.99,ppm
2010.9583,1.0,Climate change (CO2),390.8,ppm
2011.0417,1.0,Climate change (CO2),391.19,ppm
2011.125,1.0,Climate change (CO2),391.12,ppm
2011.2083,1.0,Climate change (CO2),391.27,ppm
2011.2917,1.0,Climate change (CO2),390.83,ppm
2011.375,1.0,Climate change (CO2),391.24,ppm
2011.4583,1.0,Climate change (CO2),391.64,ppm
2011.5417,1.0,Climate change (CO2),392.24,ppm
2011.625,1.0,Climate change (CO2),392.04,ppm
2011.7083,1.0,Climate change (CO2),392.6,ppm
2011.7917,1.0,Climate change (CO2),392.53,ppm
2011.875,1.0,Climate change (CO2),392.64,ppm
2011.9583,1.0,Climate change (CO2),392.86,ppm
2012.0417,1.0,Climate change (CO2),393.07,ppm
2012.125,1.0,Climate change (CO2),393.2,ppm
2012.2083,1.0,Climate change (CO2),392.99,ppm
2012.2917,1.0,Climate change (CO2),393.65,ppm
2012.375,1.0,Climate change (CO2),393.73,ppm
2012.4583,1.0,Climate change (CO2),393.63,ppm
2012.5417,1.0,Climate change (CO2),394.12,ppm
2012.625,1.0,Climate change (CO2),394.37,ppm
2012.7083,1.0,Climate change (CO2),394.75,ppm
2012.7917,1.0,Climate change (CO2),394.64,ppm
2012.875,1.0,Climate change (CO2),395.25,ppm
2012.9583,1.0,Climate change (CO2),395.27,ppm
2013.0417,1.0,Climate change (CO2),395.62,ppm
2013.125,1.0,Climate change (CO2),396.23,ppm
2013.2083,1.0,Climate change (CO2),396.07,ppm
2013.2917,1.0,Climate change (CO2),395.79,ppm
2013.375,1.0,Climate change (CO2),396.64,ppm
2013.4583,1.0,Climate change (CO2),396.48,ppm
2013.5417,1.0,Climate change (CO2),397.13,ppm
2013.625,1.0,Climate change (CO2),397.27,ppm
2013.7083,1.0,Climate change (CO2),397.24,ppm
2013.7917,1.0,Climate change (CO2),397.25,ppm
2013.875,1.0,Climate change (CO2),397.35,ppm
2013.9583,1.0,Climate change (CO2),397.78,ppm
2014.0417,1.0,Climate change (CO2),397.74,ppm
2014.125,1.0,Climate change (CO2),397.45,ppm
2014.2083,1.0,Climate change (CO2),398.37,ppm
2014.2917,1.0,Climate change (CO2),398.63,ppm
2014.375,1.0,Climate change (CO2),398.56,ppm
2014.4583,1.0,Climate change (CO2),399.1,ppm
2014.5417,1.0,Climate change (CO2),398.85,ppm
2014.625,1.0,Climate change (CO2),399.07,ppm
2014.7083,1.0,Climate change (CO2),399.11,ppm
2014.7917,1.0,Climate change (CO2),399.58,ppm
2014.875,1.0,Climate change (CO2),399.49,ppm
2014.9583,1.0,Climate change (CO2),399.81,ppm
2015.0417,1.0,Climate change (CO2),399.92,ppm
2015.125,1.0,Climate change (CO2),399.77,ppm
2015.2083,1.0,Climate change (CO2),400.22,ppm
2015.2917,1.0,Climate change (CO2),400.46,ppm
2015.375,1.0,Climate change (CO2),400.7,ppm
2015.4583,1.0,Climate change (CO2),400.65,ppm
2015.5417,1.0,Climate change (CO2),401.11,ppm
2015.625,1.0,Climate change (CO2),401.04,ppm
2015.7083,1.0,Climate change (CO2),401.43,ppm
2015.7917,1.0,Climate change (CO2),401.89,ppm
2015.875,1.0,Climate change (CO2),402.24,ppm
2015.9583,1.0,Climate change (CO2),402.72,ppm
2016.0417,1.0,Climate change (CO2),402.45,ppm
2016.125,1.0,Climate change (CO2),403.4,ppm
2016.2083,1.0,Climate change (CO2),403.54,ppm
2016.2917,1.0,Climate change (CO2),404.77,ppm
2016.375,1.0,Climate change (CO2),404.41,ppm
2016.4583,1.0,Climate change (CO2),404.59,ppm
2016.5417,1.0,Climate change (CO2),404.24,ppm
2016.625,1.0,Climate change (CO2),404.41,ppm
2016.7083,1.0,Climate change (CO2),404.85,ppm
2016.7917,1.0,Climate change (CO2),405.23,ppm
2016.875,1.0,Climate change (CO2),405.74,ppm
2016.9583,1.0,Climate change (CO2),405.33,ppm
2017.0417,1.0,Climate change (CO2),406.04,ppm
2017.125,1.0,Climate change (CO2),405.8,ppm
2017.2083,1.0,Climate change (CO2),406.05,ppm
2017.2917,1.0,Climate change (CO2),406.37,ppm
2017.375,1.0,Climate change (CO2),406.37,ppm
2017.4583,1.0,Climate change (CO2),406.68,ppm
2017.5417,1.0,Climate change (CO2),407.01,ppm
2017.625,1.0,Climate change (CO2),407.31,ppm
2017.7083,1.0,Climate change (CO2),407.17,ppm
2017.7917,1.0,Climate change (CO2),407.23,ppm
2017.875,1.0,Climate change (CO2),407.36,ppm
2017.9583,1.0,Climate change (CO2),407.71,ppm
2018.0417,1.0,Climate change (CO2),407.83,ppm
2018.125,1.0,Climate change (CO2),407.61,ppm
2018.2083,1.0,Climate change (CO2),408.06,ppm
2018.2917,1.0,Climate change (CO2),407.65,ppm
2018.375,1.0,Climate change (CO2),407.98,ppm
2018.4583,1.0,Climate change (CO2),408.6,ppm
2018.5417,1.0,Climate change (CO2),408.6,ppm
2018.625,1.0,Climate change (CO2),409.17,ppm
2018.7083,1.0,Climate change (CO2),409.3,ppm
2018.7917,1.0,Climate change (CO2),409.56,ppm
2018.875,1.0,Climate change (CO2),410.24,ppm
2018.9583,1.0,Climate change (CO2),409.99,ppm
2019.0417,1.0,Climate change (CO2),410.69,ppm
2019.125,1.0,Climate change (CO2),410.97,ppm
2019.2083,1.0,Climate change (CO2),410.71,ppm
2019.2917,1.0,Climate change (CO2),410.92,ppm
2019.375,1.0,Climate change (CO2),411.47,ppm
2019.4583,1.0,Climate change (CO2),411.74,ppm
2019.5417,1.0,Climate change (CO2),411.64,ppm
2019.625,1.0,Climate change (CO2),412.1,ppm
2019.7083,1.0,Climate change (CO2),412.26,ppm
2019.7917,1.0,Climate change (CO2),412.09,ppm
2019.875,1.0,Climate change (CO2),412.5,ppm
2019.9583,1.0,Climate change (CO2),412.71,ppm
2020.0417,1.0,Climate change (CO2),413.22,ppm
2020.125,1.0,Climate change (CO2),413.4,ppm
2020.2083,1.0,Climate change (CO2),413.35,ppm
2020.2917,1.0,Climate change (CO2),413.92,ppm
2020.375,1.0,Climate change (CO2),413.98,ppm
2020.4583,1.0,Climate change (CO2),414.15,ppm
2020.5417,1.0,Climate change (CO2),414.19,ppm
2020.625,1.0,Climate change (CO2),414.6,ppm
2020.7083,1.0,Climate change (CO2),414.9,ppm
2020.7917,1.0,Climate change (CO2),414.79,ppm
2020.875,1.0,Climate change (CO2),415.11,ppm
2020.9583,1.0,Climate change (CO2),414.91,ppm
2021.0417,1.0,Climate change (CO2),415.23,ppm
2021.125,1.0,Climate change (CO2),415.8,ppm
2021.2083,1.0,Climate change (CO2),416.17,ppm
2021.2917,1.0,Climate change (CO2),416.59,ppm
2021.375,1.0,Climate change (CO2),415.88,ppm
2021.4583,1.0,Climate change (CO2),416.48,ppm
2021.5417,1.0,Climate change (CO2),416.48,ppm
2021.625,1.0,Climate change (CO2),416.27,ppm
2021.7083,1.0,Climate change (CO2),416.63,ppm
2021.7917,1.0,Climate change (CO2),417.14,ppm
2021.875,1.0,Climate change (CO2),416.92,ppm
2021.9583,1.0,Climate change (CO2),417.37,ppm
2022.0417,1.0,Climate change (CO2),417.84,ppm
2022.125,1.0,Climate change (CO2),418.3,ppm
2022.2083,1.0,Climate change (CO2),417.31,ppm
2022.2917,1.0,Climate change (CO2),417.69,ppm
2022.375,1.0,Climate change (CO2),417.72,ppm
2022.4583,1.0,Climate change (CO2),418.5,ppm
2022.5417,1.0,Climate change (CO2),418.44,ppm
2022.625,1.0,Climate change (CO2),419.04,ppm
2022.7083,1.0,Climate change (CO2),419.31,ppm
2022.7917,1.0,Climate change (CO2),418.97,ppm
2022.875,1.0,Climate change (CO2),419.46,ppm
2022.9583,1.0,Climate change (CO2),419.75,ppm
2023.0417,1.0,Climate change (CO2),419.18,ppm
2023.125,1.0,Climate change (CO2),419.37,ppm
2023.2083,1.0,Climate change (CO2),419.54,ppm
2023.2917,1.0,Climate change (CO2),420.81,ppm
2023.375,1.0,Climate change (CO2),420.76,ppm
2023.4583,1.0,Climate change (CO2),421.24,ppm
2023.5417,1.0,Climate change (CO2),421.41,ppm
2023.625,1.0,Climate change (CO2),421.58,ppm
2023.7083,1.0,Climate change (CO2),421.91,ppm
2023.7917,1.0,Climate change (CO2),422.05,ppm
2023.875,1.0,Climate change (CO2),422.45,ppm
2023.9583,1.0,Climate change (CO2),422.61,ppm
2024.0417,1.0,Climate change (CO2),422.52,ppm
2024.125,1.0,Climate change (CO2),423.62,ppm
2024.2083,1.0,Climate change (CO2),423.93,ppm
2024.2917,1.0,Climate change (CO2),424.01,ppm
2024.375,1.0,Climate change (CO2),423.65,ppm
2024.4583,1.0,Climate change (CO2),424.47,ppm
2024.5417,1.0,Climate change (CO2),425.14,ppm
2024.625,1.0,Climate change (CO2),424.89,ppm
2024.7083,1.0,Climate change (CO2),425.44,ppm
2024.7917,1.0,Climate change (CO2),425.61,ppm
2024.875,1.0,Climate change (CO2),425.84,ppm
2024.9583,1.0,Climate change (CO2),426.16,ppm
2025.0417,1.0,Climate change (CO2),426.37,ppm
2025.125,1.0,Climate change (CO2),426.15,ppm
2025.2083,1.0,Climate change (CO2),426.69,ppm
2025.2917,1.0,Climate change (CO2),427.14,ppm
2025.375,1.0,Climate change (CO2),427.26,ppm
2025.4583,1.0,Climate change (CO2),427.17,ppm
2025.5417,1.0,Climate change (CO2),427.46,ppm
2025.625,1.0,Climate change (CO2),427.38,ppm
2025.7083,1.0,Climate change (CO2),427.78,ppm
2025.7917,1.0,Climate change (CO2),428.11,ppm
2025.875,1.0,Climate change (CO2),428.45,ppm
2025.9583,1.0,Climate change (CO2),428.24,ppm
1750.0,2.0,Ocean acidification (Aragonite saturation),3.57069588,Omega
1850.0,2.0,Ocean acidification (Aragonite saturation),3.47739013,Omega
1860.0,2.0,Ocean acidification (Aragonite saturation),3.46313332,Omega
1870.0,2.0,Ocean acidification (Aragonite saturation),3.45774108,Omega
1880.0,2.0,Ocean acidification (Aragonite saturation),3.44463034,Omega
1890.0,2.0,Ocean acidification (Aragonite saturation),3.42224044,Omega
1900.0,2.0,Ocean acidification (Aragonite saturation),3.408192,Omega
1910.0,2.0,Ocean acidification (Aragonite saturation),3.38862221,Omega
1920.0,2.0,Ocean acidification (Aragonite saturation),3.36506986,Omega
1930.0,2.0,Ocean acidification (Aragonite saturation),3.34971665,Omega
1940.0,2.0,Ocean acidification (Aragonite saturation),3.3317949,Omega
1950.0,2.0,Ocean acidification (Aragonite saturation),3.31490421,Omega
1960.0,2.0,Ocean acidification (Aragonite saturation),3.29697434,Omega
1970.0,2.0,Ocean acidification (Aragonite saturation),3.25220001,Omega
1980.0,2.0,Ocean acidification (Aragonite saturation),3.19557074,Omega
1990.0,2.0,Ocean acidification (Aragonite saturation),3.12596304,Omega
2000.0,2.0,Ocean acidification (Aragonite saturation),3.0629251,Omega
2010.0,2.0,Ocean acidification (Aragonite saturation),2.9880474,Omega
2023.0,2.0,Ocean acidification (Aragonite saturation),2.81,Omega
2025.0,2.0,Ocean acidification (Aragonite saturation),2.84,Omega
1850.0,3.0,Ozone depletion (Dobson units),284.6,DU
1900.0,3.0,Ozone depletion (Dobson units),290.0,DU
1970.0,3.0,Ozone depletion (Dobson units),292.0,DU
1990.0,3.0,Ozone depletion (Dobson units),282.0,DU
2009.0,3.0,Ozone depletion (Dobson units),283.0,DU
2023.0,3.0,Ozone depletion (Dobson units),284.6,DU
2025.0,3.0,Ozone depletion (Dobson units),285.7,DU
1850.0,4.0,Atmospheric aerosols (AOD),0.03,-
2023.0,4.0,Atmospheric aerosols (AOD),0.076,-
2025.0,4.0,Atmospheric aerosols (AOD),0.063,-
1850.0,5.1,Phosphorus cycle,0.0,Tg/year
1900.0,5.1,Phosphorus cycle,1.0,Tg/year
1950.0,5.1,Phosphorus cycle,3.5,Tg/year
1970.0,5.1,Phosphorus cycle,6.0,Tg/year
1990.0,5.1,Phosphorus cycle,8.5,Tg/year
2009.0,5.1,Phosphorus cycle,10.5,Tg/year
2023.0,5.1,Phosphorus cycle,17.5,Tg/year
2025.0,5.1,Phosphorus cycle,18.2,Tg/year
1850.0,5.2,Nitrogen cycle,0.0,Tg/year
1900.0,5.2,Nitrogen cycle,0.0,Tg/year
1950.0,5.2,Nitrogen cycle,5.0,Tg/year
1970.0,5.2,Nitrogen cycle,70.0,Tg/year
1990.0,5.2,Nitrogen cycle,180.0,Tg/year
2009.0,5.2,Nitrogen cycle,210.0,Tg/year
2021.0,5.2,Nitrogen cycle,240.0,Tg/year
2023.0,5.2,Nitrogen cycle,190.0,Tg/year
2025.0,5.2,Nitrogen cycle,165.0,Tg/year
1700.0,6.1,Freshwater change - blue water,9.517580571673292,%
1701.0,6.1,Freshwater change - blue water,9.459299344886407,%
1702.0,6.1,Freshwater change - blue water,9.448943973173654,%
1703.0,6.1,Freshwater change - blue water,9.448788989976563,%
1704.0,6.1,Freshwater change - blue water,9.471420622213031,%
1705.0,6.1,Freshwater change - blue water,9.518428255324212,%
1706.0,6.1,Freshwater change - blue water,9.314861212467331,%
1707.0,6.1,Freshwater change - blue water,9.258715778683076,%
1708.0,6.1,Freshwater change - blue water,9.256266001416355,%
1709.0,6.1,Freshwater change - blue water,9.284499156284744,%
1710.0,6.1,Freshwater change - blue water,9.323680064754988,%
1711.0,6.1,Freshwater change - blue water,9.250456309909444,%
1712.0,6.1,Freshwater change - blue water,9.30939458893417,%
1713.0,6.1,Freshwater change - blue water,9.357510801878364,%
1714.0,6.1,Freshwater change - blue water,9.378589867131977,%
1715.0,6.1,Freshwater change - blue water,9.446578075126196,%
1716.0,6.1,Freshwater change - blue water,9.555461918139198,%
1717.0,6.1,Freshwater change - blue water,9.501971521556449,%
1718.0,6.1,Freshwater change - blue water,9.512169634097626,%
1719.0,6.1,Freshwater change - blue water,9.403846505096489,%
1720.0,6.1,Freshwater change - blue water,9.33631108636651,%
1721.0,6.1,Freshwater change - blue water,9.410922842840666,%
1722.0,6.1,Freshwater change - blue water,9.435249250003292,%
1723.0,6.1,Freshwater change - blue water,9.513349186123516,%
1724.0,6.1,Freshwater change - blue water,9.476088147810655,%
1725.0,6.1,Freshwater change - blue water,9.371325681353834,%
1726.0,6.1,Freshwater change - blue water,9.354189714908625,%
1727.0,6.1,Freshwater change - blue water,9.384174676696148,%
1728.0,6.1,Freshwater change - blue water,9.312212993814525,%
1729.0,6.1,Freshwater change - blue water,9.34928952083757,%
1730.0,6.1,Freshwater change - blue water,9.333051231257013,%
1731.0,6.1,Freshwater change - blue water,9.200205536448657,%
1732.0,6.1,Freshwater change - blue water,9.079710007930688,%
1733.0,6.1,Freshwater change - blue water,9.04073428510268,%
1734.0,6.1,Freshwater change - blue water,9.002356152564374,%
1735.0,6.1,Freshwater change - blue water,8.892598941269958,%
1736.0,6.1,Freshwater change - blue water,8.875190019774863,%
1737.0,6.1,Freshwater change - blue water,8.894931473573333,%
1738.0,6.1,Freshwater change - blue water,8.909437581496233,%
1739.0,6.1,Freshwater change - blue water,8.89397614036632,%
1740.0,6.1,Freshwater change - blue water,8.885151399908189,%
1741.0,6.1,Freshwater change - blue water,8.913280893244954,%
1742.0,6.1,Freshwater change - blue water,8.947909919495876,%
1743.0,6.1,Freshwater change - blue water,8.971616556395313,%
1744.0,6.1,Freshwater change - blue water,9.068119824553166,%
1745.0,6.1,Freshwater change - blue water,9.159246800116572,%
1746.0,6.1,Freshwater change - blue water,9.140611633218596,%
1747.0,6.1,Freshwater change - blue water,9.039106001909724,%
1748.0,6.1,Freshwater change - blue water,9.013119282843595,%
1749.0,6.1,Freshwater change - blue water,9.035942811173864,%
1750.0,6.1,Freshwater change - blue water,9.024713488675305,%
1751.0,6.1,Freshwater change - blue water,9.153891294851755,%
1752.0,6.1,Freshwater change - blue water,9.246249221561028,%
1753.0,6.1,Freshwater change - blue water,9.258111814335532,%
1754.0,6.1,Freshwater change - blue water,9.22721388924043,%
1755.0,6.1,Freshwater change - blue water,9.261392585139092,%
1756.0,6.1,Freshwater change - blue water,9.25809131558898,%
1757.0,6.1,Freshwater change - blue water,9.4751370916009,%
1758.0,6.1,Freshwater change - blue water,9.726696464560112,%
1759.0,6.1,Freshwater change - blue water,9.779427916658555,%
1760.0,6.1,Freshwater change - blue water,9.823573843685589,%
1761.0,6.1,Freshwater change - blue water,9.700575494089748,%
1762.0,6.1,Freshwater change - blue water,9.720332637588069,%
1763.0,6.1,Freshwater change - blue water,9.751555657475077,%
1764.0,6.1,Freshwater change - blue water,9.738362730460102,%
1765.0,6.1,Freshwater change - blue water,9.685146157841263,%
1766.0,6.1,Freshwater change - blue water,9.651926609532346,%
1767.0,6.1,Freshwater change - blue water,9.528767206122154,%
1768.0,6.1,Freshwater change - blue water,9.363800806882074,%
1769.0,6.1,Freshwater change - blue water,9.289314338934751,%
1770.0,6.1,Freshwater change - blue water,9.237755692619732,%
1771.0,6.1,Freshwater change - blue water,9.294538582936005,%
1772.0,6.1,Freshwater change - blue water,9.18577196146967,%
1773.0,6.1,Freshwater change - blue water,9.068439896847607,%
1774.0,6.1,Freshwater change - blue water,9.014964668829748,%
1775.0,6.1,Freshwater change - blue water,8.93389922894479,%
1776.0,6.1,Freshwater change - blue water,8.898864143210837,%
1777.0,6.1,Freshwater change - blue water,8.848111414282947,%
1778.0,6.1,Freshwater change - blue water,8.895614854963876,%
1779.0,6.1,Freshwater change - blue water,8.852933955795601,%
1780.0,6.1,Freshwater change - blue water,8.95441056460147,%
1781.0,6.1,Freshwater change - blue water,8.906513065321016,%
1782.0,6.1,Freshwater change - blue water,8.93930029707584,%
1783.0,6.1,Freshwater change - blue water,8.84373662809607,%
1784.0,6.1,Freshwater change - blue water,8.822586093992202,%
1785.0,6.1,Freshwater change - blue water,8.943922936918156,%
1786.0,6.1,Freshwater change - blue water,9.075520365160235,%
1787.0,6.1,Freshwater change - blue water,9.05550195175536,%
1788.0,6.1,Freshwater change - blue water,9.045261946621425,%
1789.0,6.1,Freshwater change - blue water,9.159812564310863,%
1790.0,6.1,Freshwater change - blue water,9.214556678153278,%
1791.0,6.1,Freshwater change - blue water,9.29401023788671,%
1792.0,6.1,Freshwater change - blue water,9.307300352701995,%
1793.0,6.1,Freshwater change - blue water,9.410382381212532,%
1794.0,6.1,Freshwater change - blue water,9.53684694768648,%
1795.0,6.1,Freshwater change - blue water,9.548888676971536,%
1796.0,6.1,Freshwater change - blue water,9.50248046090348,%
1797.0,6.1,Freshwater change - blue water,9.553681324570436,%
1798.0,6.1,Freshwater change - blue water,9.450919442261071,%
1799.0,6.1,Freshwater change - blue water,9.336870132955816,%
1800.0,6.1,Freshwater change - blue water,9.27522967075534,%
1801.0,6.1,Freshwater change - blue water,9.2481876375355,%
1802.0,6.1,Freshwater change - blue water,9.256413662691449,%
1803.0,6.1,Freshwater change - blue water,9.299106818763152,%
1804.0,6.1,Freshwater change - blue water,9.2667605620365,%
1805.0,6.1,Freshwater change - blue water,9.149180438964812,%
1806.0,6.1,Freshwater change - blue water,9.203381083431438,%
1807.0,6.1,Freshwater change - blue water,9.197030760715208,%
1808.0,6.1,Freshwater change - blue water,9.31861497559071,%
1809.0,6.1,Freshwater change - blue water,9.453109691765627,%
1810.0,6.1,Freshwater change - blue water,9.508375934140542,%
1811.0,6.1,Freshwater change - blue water,9.438794907845296,%
1812.0,6.1,Freshwater change - blue water,9.46239164318853,%
1813.0,6.1,Freshwater change - blue water,9.424249258128532,%
1814.0,6.1,Freshwater change - blue water,9.37278918101296,%
1815.0,6.1,Freshwater change - blue water,9.392706965444193,%
1816.0,6.1,Freshwater change - blue water,9.387563089994783,%
1817.0,6.1,Freshwater change - blue water,9.360918071676297,%
1818.0,6.1,Freshwater change - blue water,9.262235866758326,%
1819.0,6.1,Freshwater change - blue water,9.234441099595324,%
1820.0,6.1,Freshwater change - blue water,9.241649498120433,%
1821.0,6.1,Freshwater change - blue water,9.49818912138379,%
1822.0,6.1,Freshwater change - blue water,9.56040684842751,%
1823.0,6.1,Freshwater change - blue water,9.617649010976438,%
1824.0,6.1,Freshwater change - blue water,9.667363889642598,%
1825.0,6.1,Freshwater change - blue water,9.72503272860732,%
1826.0,6.1,Freshwater change - blue water,9.703088667631206,%
1827.0,6.1,Freshwater change - blue water,9.75484067284496,%
1828.0,6.1,Freshwater change - blue water,9.812293658882764,%
1829.0,6.1,Freshwater change - blue water,9.743514457714316,%
1830.0,6.1,Freshwater change - blue water,9.695368754679864,%
1831.0,6.1,Freshwater change - blue water,9.509850398697637,%
1832.0,6.1,Freshwater change - blue water,9.40835723016669,%
1833.0,6.1,Freshwater change - blue water,9.311313644735094,%
1834.0,6.1,Freshwater change - blue water,9.240645315449813,%
1835.0,6.1,Freshwater change - blue water,9.249792008983112,%
1836.0,6.1,Freshwater change - blue water,9.30269148936091,%
1837.0,6.1,Freshwater change - blue water,9.308225368008069,%
1838.0,6.1,Freshwater change - blue water,9.21949960726148,%
1839.0,6.1,Freshwater change - blue water,9.23215849591587,%
1840.0,6.1,Freshwater change - blue water,9.253328236769514,%
1841.0,6.1,Freshwater change - blue water,9.29715889729654,%
1842.0,6.1,Freshwater change - blue water,9.401624536009589,%
1843.0,6.1,Freshwater change - blue water,9.362150865741429,%
1844.0,6.1,Freshwater change - blue water,9.443392829476023,%
1845.0,6.1,Freshwater change - blue water,9.465688792637954,%
1846.0,6.1,Freshwater change - blue water,9.465091985368234,%
1847.0,6.1,Freshwater change - blue water,9.507271476475353,%
1848.0,6.1,Freshwater change - blue water,9.583197699634914,%
1849.0,6.1,Freshwater change - blue water,9.604630158891002,%
1850.0,6.1,Freshwater change - blue water,9.522796945047489,%
1851.0,6.1,Freshwater change - blue water,9.55782698278165,%
1852.0,6.1,Freshwater change - blue water,9.458868609027158,%
1853.0,6.1,Freshwater change - blue water,9.596118354433129,%
1854.0,6.1,Freshwater change - blue water,9.678012718060437,%
1855.0,6.1,Freshwater change - blue water,9.743433380618267,%
1856.0,6.1,Freshwater change - blue water,9.723104951706736,%
1857.0,6.1,Freshwater change - blue water,9.73327136231235,%
1858.0,6.1,Freshwater change - blue water,9.79305599364923,%
1859.0,6.1,Freshwater change - blue water,9.89938856002068,%
1860.0,6.1,Freshwater change - blue water,9.9291183320578,%
1861.0,6.1,Freshwater change - blue water,9.87906714775246,%
1862.0,6.1,Freshwater change - blue water,9.9077359122327,%
1863.0,6.1,Freshwater change - blue water,9.89064604981084,%
1864.0,6.1,Freshwater change - blue water,9.77663188356169,%
1865.0,6.1,Freshwater change - blue water,9.67926842939085,%
1866.0,6.1,Freshwater change - blue water,9.63328072898307,%
1867.0,6.1,Freshwater change - blue water,9.564253189906422,%
1868.0,6.1,Freshwater change - blue water,9.511071318755969,%
1869.0,6.1,Freshwater change - blue water,9.4,%
1870.0,6.1,Freshwater change - blue water,9.4,%
1871.0,6.1,Freshwater change - blue water,9.4,%
1872.0,6.1,Freshwater change - blue water,9.4,%
1873.0,6.1,Freshwater change - blue water,9.4,%
1874.0,6.1,Freshwater change - blue water,9.4,%
1875.0,6.1,Freshwater change - blue water,9.4,%
1876.0,6.1,Freshwater change - blue water,9.4,%
1877.0,6.1,Freshwater change - blue water,9.4,%
1878.0,6.1,Freshwater change - blue water,9.4,%
1879.0,6.1,Freshwater change - blue water,9.4,%
1880.0,6.1,Freshwater change - blue water,9.4,%
1881.0,6.1,Freshwater change - blue water,9.4,%
1882.0,6.1,Freshwater change - blue water,9.4,%
1883.0,6.1,Freshwater change - blue water,9.4,%
1884.0,6.1,Freshwater change - blue water,9.4,%
1885.0,6.1,Freshwater change - blue water,9.4,%
1886.0,6.1,Freshwater change - blue water,9.4,%
1887.0,6.1,Freshwater change - blue water,9.4,%
1888.0,6.1,Freshwater change - blue water,9.4,%
1889.0,6.1,Freshwater change - blue water,9.4,%
1890.0,6.1,Freshwater change - blue water,9.4,%
1891.0,6.1,Freshwater change - blue water,9.53667319660408,%
1892.0,6.1,Freshwater change - blue water,9.630259193587438,%
1893.0,6.1,Freshwater change - blue water,9.634072165430222,%
1894.0,6.1,Freshwater change - blue water,9.589445199722096,%
1895.0,6.1,Freshwater change - blue water,9.689452064449815,%
1896.0,6.1,Freshwater change - blue water,9.851799730881536,%
1897.0,6.1,Freshwater change - blue water,9.933310415173448,%
1898.0,6.1,Freshwater change - blue water,10.017299073289497,%
1899.0,6.1,Freshwater change - blue water,10.018975780007096,%
1900.0,6.1,Freshwater change - blue water,10.080652727036885,%
1901.0,6.1,Freshwater change - blue water,10.058577692139036,%
1902.0,6.1,Freshwater change - blue water,10.050586391183876,%
1903.0,6.1,Freshwater change - blue water,10.126477745378017,%
1904.0,6.1,Freshwater change - blue water,10.17687836209457,%
1905.0,6.1,Freshwater change - blue water,10.214909739094788,%
1906.0,6.1,Freshwater change - blue water,10.237083754015975,%
1907.0,6.1,Freshwater change - blue water,10.30270339166656,%
1908.0,6.1,Freshwater change - blue water,10.215817326879876,%
1909.0,6.1,Freshwater change - blue water,10.273921127053546,%
1910.0,6.1,Freshwater change - blue water,10.270610746438738,%
1911.0,6.1,Freshwater change - blue water,10.322299937078787,%
1912.0,6.1,Freshwater change - blue water,10.417555388561158,%
1913.0,6.1,Freshwater change - blue water,10.52012318389634,%
1914.0,6.1,Freshwater change - blue water,10.64453858691102,%
1915.0,6.1,Freshwater change - blue water,10.66398085147088,%
1916.0,6.1,Freshwater change - blue water,10.663703910564978,%
1917.0,6.1,Freshwater change - blue water,10.67878166698986,%
1918.0,6.1,Freshwater change - blue water,10.801567831736412,%
1919.0,6.1,Freshwater change - blue water,10.864596899053632,%
1920.0,6.1,Freshwater change - blue water,10.980508859616082,%
1921.0,6.1,Freshwater change - blue water,11.09223618848785,%
1922.0,6.1,Freshwater change - blue water,11.245405616629691,%
1923.0,6.1,Freshwater change - blue water,11.311756777659062,%
1924.0,6.1,Freshwater change - blue water,11.291524211821942,%
1925.0,6.1,Freshwater change - blue water,11.37810309723345,%
1926.0,6.1,Freshwater change - blue water,11.50627344019709,%
1927.0,6.1,Freshwater change - blue water,11.59779181639253,%
1928.0,6.1,Freshwater change - blue water,11.68928062460914,%
1929.0,6.1,Freshwater change - blue water,11.92180047061839,%
1930.0,6.1,Freshwater change - blue water,12.08069049564108,%
1931.0,6.1,Freshwater change - blue water,12.16732456850449,%
1932.0,6.1,Freshwater change - blue water,12.20378145381261,%
1933.0,6.1,Freshwater change - blue water,12.29820918157404,%
1934.0,6.1,Freshwater change - blue water,12.54493986207012,%
1935.0,6.1,Freshwater change - blue water,12.69863524067244,%
1936.0,6.1,Freshwater change - blue water,12.83819398701998,%
1937.0,6.1,Freshwater change - blue water,12.893768552090409,%
1938.0,6.1,Freshwater change - blue water,12.963578770773692,%
1939.0,6.1,Freshwater change - blue water,12.95521588480215,%
1940.0,6.1,Freshwater change - blue water,12.81676581207581,%
1941.0,6.1,Freshwater change - blue water,12.700777945430202,%
1942.0,6.1,Freshwater change - blue water,12.659925867575192,%
1943.0,6.1,Freshwater change - blue water,12.64373719761213,%
1944.0,6.1,Freshwater change - blue water,12.662019535354418,%
1945.0,6.1,Freshwater change - blue water,12.644948157412715,%
1946.0,6.1,Freshwater change - blue water,12.462561771163529,%
1947.0,6.1,Freshwater change - blue water,12.597976669594818,%
1948.0,6.1,Freshwater change - blue water,12.685398704095611,%
1949.0,6.1,Freshwater change - blue water,12.667540318997933,%
1950.0,6.1,Freshwater change - blue water,12.790992247874438,%
1951.0,6.1,Freshwater change - blue water,12.99358607094288,%
1952.0,6.1,Freshwater change - blue water,13.169522328461872,%
1953.0,6.1,Freshwater change - blue water,13.15802022528622,%
1954.0,6.1,Freshwater change - blue water,13.1524141094361,%
1955.0,6.1,Freshwater change - blue water,13.285430431524354,%
1956.0,6.1,Freshwater change - blue water,13.51041369587954,%
1957.0,6.1,Freshwater change - blue water,13.530328442512191,%
1958.0,6.1,Freshwater change - blue water,13.527123283657511,%
1959.0,6.1,Freshwater change - blue water,13.692337623385612,%
1960.0,6.1,Freshwater change - blue water,13.94716026920204,%
1961.0,6.1,Freshwater change - blue water,14.02680893818618,%
1962.0,6.1,Freshwater change - blue water,13.89562254185061,%
1963.0,6.1,Freshwater change - blue water,14.036633157563893,%
1964.0,6.1,Freshwater change - blue water,14.04798328357228,%
1965.0,6.1,Freshwater change - blue water,13.9951057327716,%
1966.0,6.1,Freshwater change - blue water,14.143294662192218,%
1967.0,6.1,Freshwater change - blue water,14.128843687398549,%
1968.0,6.1,Freshwater change - blue water,14.21665186863506,%
1969.0,6.1,Freshwater change - blue water,14.09982453657595,%
1970.0,6.1,Freshwater change - blue water,13.966905116042168,%
1971.0,6.1,Freshwater change - blue water,13.859904636959447,%
1972.0,6.1,Freshwater change - blue water,13.914666785665927,%
1973.0,6.1,Freshwater change - blue water,13.94769716189081,%
1974.0,6.1,Freshwater change - blue water,14.081169733703462,%
1975.0,6.1,Freshwater change - blue water,14.263385542313696,%
1976.0,6.1,Freshwater change - blue water,14.34977545252208,%
1977.0,6.1,Freshwater change - blue water,14.56996992476523,%
1978.0,6.1,Freshwater change - blue water,14.86338497766903,%
1979.0,6.1,Freshwater change - blue water,15.141328651370328,%
1980.0,6.1,Freshwater change - blue water,15.300113588375549,%
1981.0,6.1,Freshwater change - blue water,15.503034340682298,%
1982.0,6.1,Freshwater change - blue water,15.766132215574247,%
1983.0,6.1,Freshwater change - blue water,16.14723616042549,%
1984.0,6.1,Freshwater change - blue water,16.433940228587307,%
1985.0,6.1,Freshwater change - blue water,16.50096999052499,%
1986.0,6.1,Freshwater change - blue water,16.50452091182812,%
1987.0,6.1,Freshwater change - blue water,16.556242404617322,%
1988.0,6.1,Freshwater change - blue water,16.50632750871852,%
1989.0,6.1,Freshwater change - blue water,16.654997556010446,%
1990.0,6.1,Freshwater change - blue water,16.96398514092383,%
1991.0,6.1,Freshwater change - blue water,17.278223086126207,%
1992.0,6.1,Freshwater change - blue water,17.45062144747001,%
1993.0,6.1,Freshwater change - blue water,17.50326144011928,%
1994.0,6.1,Freshwater change - blue water,17.457567017883402,%
1995.0,6.1,Freshwater change - blue water,17.47087079019245,%
1996.0,6.1,Freshwater change - blue water,17.6945571557634,%
1997.0,6.1,Freshwater change - blue water,17.81469262263532,%
1998.0,6.1,Freshwater change - blue water,17.94846492476768,%
1999.0,6.1,Freshwater change - blue water,18.05404639440729,%
2000.0,6.1,Freshwater change - blue water,17.98880529725062,%
2001.0,6.1,Freshwater change - blue water,17.971684459151188,%
2002.0,6.1,Freshwater change - blue water,18.06729405163765,%
2003.0,6.1,Freshwater change - blue water,17.97364338471935,%
2004.0,6.1,Freshwater change - blue water,17.97463823330011,%
2005.0,6.1,Freshwater change - blue water,18.170855353449568,%
2023.0,6.1,Freshwater change - blue water,18.170855353449568,%
2025.0,6.1,Freshwater change - blue water,22.6,%
1700.0,6.2,Freshwater change - green water,9.83384011386929,%
1701.0,6.2,Freshwater change - green water,9.82094973581096,%
1702.0,6.2,Freshwater change - green water,9.863909430728771,%
1703.0,6.2,Freshwater change - green water,9.904822607996094,%
1704.0,6.2,Freshwater change - green water,9.85058023795736,%
1705.0,6.2,Freshwater change - green water,9.911887426583329,%
1706.0,6.2,Freshwater change - green water,9.64491003830101,%
1707.0,6.2,Freshwater change - green water,9.547008844711431,%
1708.0,6.2,Freshwater change - green water,9.5246241042827,%
1709.0,6.2,Freshwater change - green water,9.5683585138343,%
1710.0,6.2,Freshwater change - green water,9.640351660871625,%
1711.0,6.2,Freshwater change - green water,9.60732456311509,%
1712.0,6.2,Freshwater change - green water,9.626000939381704,%
1713.0,6.2,Freshwater change - green water,9.640992818816608,%
1714.0,6.2,Freshwater change - green water,9.650352053958374,%
1715.0,6.2,Freshwater change - green water,9.692552772659822,%
1716.0,6.2,Freshwater change - green water,9.78735898259009,%
1717.0,6.2,Freshwater change - green water,9.858073605250198,%
1718.0,6.2,Freshwater change - green water,9.90013803763933,%
1719.0,6.2,Freshwater change - green water,9.795017645208691,%
1720.0,6.2,Freshwater change - green water,9.74500647874692,%
1721.0,6.2,Freshwater change - green water,9.68868706715078,%
1722.0,6.2,Freshwater change - green water,9.711085004058646,%
1723.0,6.2,Freshwater change - green water,9.823878587393269,%
1724.0,6.2,Freshwater change - green water,9.786923875209364,%
1725.0,6.2,Freshwater change - green water,9.731202455661483,%
1726.0,6.2,Freshwater change - green water,9.756604808650856,%
1727.0,6.2,Freshwater change - green water,9.699826691322649,%
1728.0,6.2,Freshwater change - green water,9.603245269602754,%
1729.0,6.2,Freshwater change - green water,9.663737422605044,%
1730.0,6.2,Freshwater change - green water,9.642199073343852,%
1731.0,6.2,Freshwater change - green water,9.61282181247242,%
1732.0,6.2,Freshwater change - green water,9.521887918444314,%
1733.0,6.2,Freshwater change - green water,9.485041921733192,%
1734.0,6.2,Freshwater change - green water,9.476251348402013,%
1735.0,6.2,Freshwater change - green water,9.335943945820626,%
1736.0,6.2,Freshwater change - green water,9.349914991189056,%
1737.0,6.2,Freshwater change - green water,9.633553129332968,%
1738.0,6.2,Freshwater change - green water,9.68697796607476,%
1739.0,6.2,Freshwater change - green water,9.678282113344263,%
1740.0,6.2,Freshwater change - green water,9.70481611540345,%
1741.0,6.2,Freshwater change - green water,9.747118199471087,%
1742.0,6.2,Freshwater change - green water,9.787025720514745,%
1743.0,6.2,Freshwater change - green water,9.84138486746174,%
1744.0,6.2,Freshwater change - green water,9.965203060871085,%
1745.0,6.2,Freshwater change - green water,9.966572007213705,%
1746.0,6.2,Freshwater change - green water,9.877406175124364,%
1747.0,6.2,Freshwater change - green water,9.490314242562054,%
1748.0,6.2,Freshwater change - green water,9.44295084662944,%
1749.0,6.2,Freshwater change - green water,9.46260118926668,%
1750.0,6.2,Freshwater change - green water,9.414133987153187,%
1751.0,6.2,Freshwater change - green water,9.562456875031051,%
1752.0,6.2,Freshwater change - green water,9.63720012932901,%
1753.0,6.2,Freshwater change - green water,9.58120978828114,%
1754.0,6.2,Freshwater change - green water,9.511848995718935,%
1755.0,6.2,Freshwater change - green water,9.617465148665191,%
1756.0,6.2,Freshwater change - green water,9.686742965660304,%
1757.0,6.2,Freshwater change - green water,9.886281887403872,%
1758.0,6.2,Freshwater change - green water,10.129671538283295,%
1759.0,6.2,Freshwater change - green water,10.132861299931257,%
1760.0,6.2,Freshwater change - green water,10.169856610500313,%
1761.0,6.2,Freshwater change - green water,9.979063450599558,%
1762.0,6.2,Freshwater change - green water,10.01920293877397,%
1763.0,6.2,Freshwater change - green water,10.030071641113697,%
1764.0,6.2,Freshwater change - green water,10.042601995808202,%
1765.0,6.2,Freshwater change - green water,9.994428966942536,%
1766.0,6.2,Freshwater change - green water,9.968939640362334,%
1767.0,6.2,Freshwater change - green water,9.863366430288892,%
1768.0,6.2,Freshwater change - green water,9.73074280835418,%
1769.0,6.2,Freshwater change - green water,9.747532337279956,%
1770.0,6.2,Freshwater change - green water,9.74122089181573,%
1771.0,6.2,Freshwater change - green water,9.83478220501208,%
1772.0,6.2,Freshwater change - green water,9.747980131329406,%
1773.0,6.2,Freshwater change - green water,9.686602919546324,%
1774.0,6.2,Freshwater change - green water,9.62823569751109,%
1775.0,6.2,Freshwater change - green water,9.586936537175234,%
1776.0,6.2,Freshwater change - green water,9.53645610359482,%
1777.0,6.2,Freshwater change - green water,9.582339912645894,%
1778.0,6.2,Freshwater change - green water,9.589507687594724,%
1779.0,6.2,Freshwater change - green water,9.48112355490482,%
1780.0,6.2,Freshwater change - green water,9.52826478311347,%
1781.0,6.2,Freshwater change - green water,9.510587370911235,%
1782.0,6.2,Freshwater change - green water,9.517605145120903,%
1783.0,6.2,Freshwater change - green water,9.456686269818276,%
1784.0,6.2,Freshwater change - green water,9.390365519793468,%
1785.0,6.2,Freshwater change - green water,9.44356055689098,%
1786.0,6.2,Freshwater change - green water,9.593413629877292,%
1787.0,6.2,Freshwater change - green water,9.4488609991732,%
1788.0,6.2,Freshwater change - green water,9.477479557616112,%
1789.0,6.2,Freshwater change - green water,9.599246604542111,%
1790.0,6.2,Freshwater change - green water,9.689643668725836,%
1791.0,6.2,Freshwater change - green water,9.73569259816294,%
1792.0,6.2,Freshwater change - green water,9.76897927386788,%
1793.0,6.2,Freshwater change - green water,9.834634518050803,%
1794.0,6.2,Freshwater change - green water,10.04029395831056,%
1795.0,6.2,Freshwater change - green water,10.057967142329815,%
1796.0,6.2,Freshwater change - green water,10.07294953663909,%
1797.0,6.2,Freshwater change - green water,10.22321713987689,%
1798.0,6.2,Freshwater change - green water,10.143920929002862,%
1799.0,6.2,Freshwater change - green water,10.128208989782287,%
1800.0,6.2,Freshwater change - green water,10.053667314674977,%
1801.0,6.2,Freshwater change - green water,10.106491936132263,%
1802.0,6.2,Freshwater change - green water,10.13812422757762,%
1803.0,6.2,Freshwater change - green water,10.214575589166916,%
1804.0,6.2,Freshwater change - green water,10.240907857464927,%
1805.0,6.2,Freshwater change - green water,10.139663850245311,%
1806.0,6.2,Freshwater change - green water,10.125372212075073,%
1807.0,6.2,Freshwater change - green water,10.025614039493586,%
1808.0,6.2,Freshwater change - green water,10.085168762944424,%
1809.0,6.2,Freshwater change - green water,10.16793196481042,%
1810.0,6.2,Freshwater change - green water,10.193580272649042,%
1811.0,6.2,Freshwater change - green water,9.975980724393892,%
1812.0,6.2,Freshwater change - green water,9.96836275120259,%
1813.0,6.2,Freshwater change - green water,9.95125373954597,%
1814.0,6.2,Freshwater change - green water,9.774619673640938,%
1815.0,6.2,Freshwater change - green water,9.759954138378182,%
1816.0,6.2,Freshwater change - green water,9.698645164994693,%
1817.0,6.2,Freshwater change - green water,9.656554980831237,%
1818.0,6.2,Freshwater change - green water,9.54396926697022,%
1819.0,6.2,Freshwater change - green water,9.48373539668277,%
1820.0,6.2,Freshwater change - green water,9.46495666262748,%
1821.0,6.2,Freshwater change - green water,9.776568766758055,%
1822.0,6.2,Freshwater change - green water,9.823849436040408,%
1823.0,6.2,Freshwater change - green water,9.79646110272681,%
1824.0,6.2,Freshwater change - green water,9.87873748439231,%
1825.0,6.2,Freshwater change - green water,9.9701654948786,%
1826.0,6.2,Freshwater change - green water,9.963251491029498,%
1827.0,6.2,Freshwater change - green water,10.043548830164791,%
1828.0,6.2,Freshwater change - green water,10.10039369815276,%
1829.0,6.2,Freshwater change - green water,10.07828893571227,%
1830.0,6.2,Freshwater change - green water,10.1237937435876,%
1831.0,6.2,Freshwater change - green water,9.923923371627454,%
1832.0,6.2,Freshwater change - green water,9.821315429622896,%
1833.0,6.2,Freshwater change - green water,9.798229170989304,%
1834.0,6.2,Freshwater change - green water,9.737548688111984,%
1835.0,6.2,Freshwater change - green water,9.796616627217226,%
1836.0,6.2,Freshwater change - green water,9.878584658848585,%
1837.0,6.2,Freshwater change - green water,9.924669959837082,%
1838.0,6.2,Freshwater change - green water,9.844855419554362,%
1839.0,6.2,Freshwater change - green water,9.788164981720469,%
1840.0,6.2,Freshwater change - green water,9.843610915895606,%
1841.0,6.2,Freshwater change - green water,9.894831804518342,%
1842.0,6.2,Freshwater change - green water,9.96793039657337,%
1843.0,6.2,Freshwater change - green water,9.883367100589142,%
1844.0,6.2,Freshwater change - green water,10.046910457721312,%
1845.0,6.2,Freshwater change - green water,10.080260290229464,%
1846.0,6.2,Freshwater change - green water,10.097832877862905,%
1847.0,6.2,Freshwater change - green water,10.12291813727455,%
1848.0,6.2,Freshwater change - green water,10.268734978219074,%
1849.0,6.2,Freshwater change - green water,10.454285898415076,%
1850.0,6.2,Freshwater change - green water,10.290067027085136,%
1851.0,6.2,Freshwater change - green water,10.253328386432615,%
1852.0,6.2,Freshwater change - green water,10.17002903202294,%
1853.0,6.2,Freshwater change - green water,10.307672516033994,%
1854.0,6.2,Freshwater change - green water,10.390153866857254,%
1855.0,6.2,Freshwater change - green water,10.364221544010912,%
1856.0,6.2,Freshwater change - green water,10.416812555078492,%
1857.0,6.2,Freshwater change - green water,10.431119280371597,%
1858.0,6.2,Freshwater change - green water,10.405315139710243,%
1859.0,6.2,Freshwater change - green water,10.388945966891942,%
1860.0,6.2,Freshwater change - green water,10.423423990279977,%
1861.0,6.2,Freshwater change - green water,10.436922214261363,%
1862.0,6.2,Freshwater change - green water,10.47523640294336,%
1863.0,6.2,Freshwater change - green water,10.46228576777642,%
1864.0,6.2,Freshwater change - green water,10.25569951385868,%
1865.0,6.2,Freshwater change - green water,10.19232705886411,%
1866.0,6.2,Freshwater change - green water,10.043306309859387,%
1867.0,6.2,Freshwater change - green water,9.95370681982756,%
1868.0,6.2,Freshwater change - green water,9.926975312741709,%
1869.0,6.2,Freshwater change - green water,9.8,%
1870.0,6.2,Freshwater change - green water,9.8,%
1871.0,6.2,Freshwater change - green water,9.8,%
1872.0,6.2,Freshwater change - green water,9.8,%
1873.0,6.2,Freshwater change - green water,9.8,%
1874.0,6.2,Freshwater change - green water,9.8,%
1875.0,6.2,Freshwater change - green water,9.8,%
1876.0,6.2,Freshwater change - green water,9.8,%
1877.0,6.2,Freshwater change - green water,9.8,%
1878.0,6.2,Freshwater change - green water,9.8,%
1879.0,6.2,Freshwater change - green water,9.8,%
1880.0,6.2,Freshwater change - green water,9.8,%
1881.0,6.2,Freshwater change - green water,9.8,%
1882.0,6.2,Freshwater change - green water,9.8,%
1883.0,6.2,Freshwater change - green water,9.8,%
1884.0,6.2,Freshwater change - green water,9.8,%
1885.0,6.2,Freshwater change - green water,9.8,%
1886.0,6.2,Freshwater change - green water,9.8,%
1887.0,6.2,Freshwater change - green water,9.8,%
1888.0,6.2,Freshwater change - green water,9.8,%
1889.0,6.2,Freshwater change - green water,9.8,%
1890.0,6.2,Freshwater change - green water,9.8,%
1891.0,6.2,Freshwater change - green water,9.896630819610928,%
1892.0,6.2,Freshwater change - green water,9.87554286438064,%
1893.0,6.2,Freshwater change - green water,9.835174209675248,%
1894.0,6.2,Freshwater change - green water,9.735077118090077,%
1895.0,6.2,Freshwater change - green water,9.737173502535182,%
1896.0,6.2,Freshwater change - green water,9.838481622625302,%
1897.0,6.2,Freshwater change - green water,9.905716267742632,%
1898.0,6.2,Freshwater change - green water,9.871063617704834,%
1899.0,6.2,Freshwater change - green water,9.775119416744174,%
1900.0,6.2,Freshwater change - green water,9.754733081557282,%
1901.0,6.2,Freshwater change - green water,9.716948795129191,%
1902.0,6.2,Freshwater change - green water,9.786742331044715,%
1903.0,6.2,Freshwater change - green water,9.902852664574713,%
1904.0,6.2,Freshwater change - green water,9.92663212984698,%
1905.0,6.2,Freshwater change - green water,9.980594126646054,%
1906.0,6.2,Freshwater change - green water,9.994632403797825,%
1907.0,6.2,Freshwater change - green water,9.985808472255982,%
1908.0,6.2,Freshwater change - green water,9.97156729675302,%
1909.0,6.2,Freshwater change - green water,10.09819350563953,%
1910.0,6.2,Freshwater change - green water,10.16297506497536,%
1911.0,6.2,Freshwater change - green water,10.155538039127451,%
1912.0,6.2,Freshwater change - green water,10.243655962314694,%
1913.0,6.2,Freshwater change - green water,10.209664541515782,%
1914.0,6.2,Freshwater change - green water,10.376676913556375,%
1915.0,6.2,Freshwater change - green water,10.353404437731236,%
1916.0,6.2,Freshwater change - green water,10.233571454130605,%
1917.0,6.2,Freshwater change - green water,10.199646801383096,%
1918.0,6.2,Freshwater change - green water,10.307062729638838,%
1919.0,6.2,Freshwater change - green water,10.33479692476088,%
1920.0,6.2,Freshwater change - green water,10.32257999489159,%
1921.0,6.2,Freshwater change - green water,10.37853210932332,%
1922.0,6.2,Freshwater change - green water,10.48824327628108,%
1923.0,6.2,Freshwater change - green water,10.584056066789907,%
1924.0,6.2,Freshwater change - green water,10.55328761231132,%
1925.0,6.2,Freshwater change - green water,10.61560788854616,%
1926.0,6.2,Freshwater change - green water,10.7606266856443,%
1927.0,6.2,Freshwater change - green water,10.90272755792987,%
1928.0,6.2,Freshwater change - green water,10.99358972574116,%
1929.0,6.2,Freshwater change - green water,11.23208530837766,%
1930.0,6.2,Freshwater change - green water,11.3924246147227,%
1931.0,6.2,Freshwater change - green water,11.49383776029477,%
1932.0,6.2,Freshwater change - green water,11.48939931028514,%
1933.0,6.2,Freshwater change - green water,11.72655114680758,%
1934.0,6.2,Freshwater change - green water,12.0010747082734,%
1935.0,6.2,Freshwater change - green water,12.131632639700452,%
1936.0,6.2,Freshwater change - green water,12.37937957594471,%
1937.0,6.2,Freshwater change - green water,12.468706433308943,%
1938.0,6.2,Freshwater change - green water,12.483089786495205,%
1939.0,6.2,Freshwater change - green water,12.397755687119233,%
1940.0,6.2,Freshwater change - green water,12.36788816471778,%
1941.0,6.2,Freshwater change - green water,12.31151927041108,%
1942.0,6.2,Freshwater change - green water,12.34226433090079,%
1943.0,6.2,Freshwater change - green water,12.23102241805564,%
1944.0,6.2,Freshwater change - green water,12.120849401075278,%
1945.0,6.2,Freshwater change - green water,12.18834570678478,%
1946.0,6.2,Freshwater change - green water,12.040370195949071,%
1947.0,6.2,Freshwater change - green water,12.075885957208213,%
1948.0,6.2,Freshwater change - green water,12.2374388879859,%
1949.0,6.2,Freshwater change - green water,12.21074345291666,%
1950.0,6.2,Freshwater change - green water,12.311782491745513,%
1951.0,6.2,Freshwater change - green water,12.57505749358891,%
1952.0,6.2,Freshwater change - green water,12.77771158164684,%
1953.0,6.2,Freshwater change - green water,12.82568700597088,%
1954.0,6.2,Freshwater change - green water,12.867683839527205,%
1955.0,6.2,Freshwater change - green water,12.894366186854793,%
1956.0,6.2,Freshwater change - green water,12.988814354910852,%
1957.0,6.2,Freshwater change - green water,13.090208828141911,%
1958.0,6.2,Freshwater change - green water,13.03179142416034,%
1959.0,6.2,Freshwater change - green water,13.13622075668121,%
1960.0,6.2,Freshwater change - green water,13.34042027791428,%
1961.0,6.2,Freshwater change - green water,13.380063167370167,%
1962.0,6.2,Freshwater change - green water,13.211144446602631,%
1963.0,6.2,Freshwater change - green water,13.23498490749586,%
1964.0,6.2,Freshwater change - green water,13.23326978431734,%
1965.0,6.2,Freshwater change - green water,13.20549680307845,%
1966.0,6.2,Freshwater change - green water,13.317155954201882,%
1967.0,6.2,Freshwater change - green water,13.305150955324269,%
1968.0,6.2,Freshwater change - green water,13.32195362706215,%
1969.0,6.2,Freshwater change - green water,13.27783338780288,%
1970.0,6.2,Freshwater change - green water,13.082694580161952,%
1971.0,6.2,Freshwater change - green water,12.91171797858956,%
1972.0,6.2,Freshwater change - green water,12.90082439693908,%
1973.0,6.2,Freshwater change - green water,12.99581819183469,%
1974.0,6.2,Freshwater change - green water,12.94970781427858,%
1975.0,6.2,Freshwater change - green water,13.12536645411661,%
1976.0,6.2,Freshwater change - green water,13.2131644830796,%
1977.0,6.2,Freshwater change - green water,13.224050889789911,%
1978.0,6.2,Freshwater change - green water,13.263046741520853,%
1979.0,6.2,Freshwater change - green water,13.40606469103805,%
1980.0,6.2,Freshwater change - green water,13.497310677414912,%
1981.0,6.2,Freshwater change - green water,13.614475476519493,%
1982.0,6.2,Freshwater change - green water,13.71631365140838,%
1983.0,6.2,Freshwater change - green water,13.755110499017018,%
1984.0,6.2,Freshwater change - green water,13.97506074232709,%
1985.0,6.2,Freshwater change - green water,14.010235868918947,%
1986.0,6.2,Freshwater change - green water,13.9249996074928,%
1987.0,6.2,Freshwater change - green water,13.934246747491205,%
1988.0,6.2,Freshwater change - green water,14.104173801775982,%
1989.0,6.2,Freshwater change - green water,14.420046115198971,%
1990.0,6.2,Freshwater change - green water,14.633654140922252,%
1991.0,6.2,Freshwater change - green water,14.718249390965005,%
1992.0,6.2,Freshwater change - green water,14.84452669599014,%
1993.0,6.2,Freshwater change - green water,14.861150539677933,%
1994.0,6.2,Freshwater change - green water,14.87776396342721,%
1995.0,6.2,Freshwater change - green water,14.929479640902144,%
1996.0,6.2,Freshwater change - green water,15.021069277597745,%
1997.0,6.2,Freshwater change - green water,15.14090506127323,%
1998.0,6.2,Freshwater change - green water,15.201020063236866,%
1999.0,6.2,Freshwater change - green water,15.048743048066967,%
2000.0,6.2,Freshwater change - green water,15.034551464259865,%
2001.0,6.2,Freshwater change - green water,15.205513464908387,%
2002.0,6.2,Freshwater change - green water,15.28541697789544,%
2003.0,6.2,Freshwater change - green water,15.42180052416249,%
2004.0,6.2,Freshwater change - green water,15.588276739575802,%
2005.0,6.2,Freshwater change - green water,15.789153734652112,%
2023.0,6.2,Freshwater change - green water,15.789153734652112,%
2025.0,6.2,Freshwater change - green water,22.0,%
1850.0,7.0,Land-system change (forest cover),100.0,%
1900.0,7.0,Land-system change (forest cover),100.0,%
1970.0,7.0,Land-system change (forest cover),67.0,%
1990.0,7.0,Land-system change (forest cover),64.0,%
2009.0,7.0,Land-system change (forest cover),61.0,%
2023.0,7.0,Land-system change (forest cover),60.0,%
2025.0,7.0,Land-system change (forest cover),59.0,%
1850.0,8.1,Biosphere integrity - genetic diversity (E/MSY),1.0,E/MSY
2023.0,8.1,Biosphere integrity - genetic diversity (E/MSY),100.0,E/MSY
2025.0,8.1,Biosphere integrity - genetic diversity (E/MSY),150.0,E/MSY
0.0,8.2,Biosphere integrity - functional diversity (%HANPP),0.0,%HANPP
1850.0,8.2,Biosphere integrity - functional diversity (%HANPP),2.146690518783534,%HANPP
1925.0,8.2,Biosphere integrity - functional diversity (%HANPP),14.490161001788914,%HANPP
1950.0,8.2,Biosphere integrity - functional diversity (%HANPP),17.352415026833622,%HANPP
1975.0,8.2,Biosphere integrity - functional diversity (%HANPP),22.1824686940966,%HANPP
2000.0,8.2,Biosphere integrity - functional diversity (%HANPP),25.939177101967804,%HANPP
2020.0,8.2,Biosphere integrity - functional diversity (%HANPP),29.87477638640429,%HANPP
2023.0,8.2,Biosphere integrity - functional diversity (%HANPP),29.87477638640429,%HANPP
2025.0,8.2,Biosphere integrity - functional diversity (%HANPP),30.0,%HANPP
1850.0,9.0,Novel entities (relative to pre-industrial),0.0,%
1950.0,9.0,Novel entities (relative to pre-industrial),1.0,%
2000.0,9.0,Novel entities (relative to pre-industrial),25.0,%
2025.0,9.0,Novel entities (relative to pre-industrial),50.0,%
